<?xml version="1.0"?>
<pagescount>
	<html_total>3</html_total>
	<html_done>3</html_done>
	<images>17</images>
	<script>4</script>
	<css>5</css>
	<pdf/>
	<documents/>
	<excel/>
	<powerpoint/>
	<flash/>
	<audios/>
	<videos/>
	<xml/>
	<json/>
	<txt/>
	<autocad/>
	<fonts>1</fonts>
	<scraping_reload>1</scraping_reload>
	<is_pretty_url>false</is_pretty_url>
	<is_ebn>false</is_ebn>
	<email>aliakbarbeda@gmail.com</email>
	<theme_name>WmdTheme492607</theme_name>
	<server_url_front_page>https://www6.waybackmachinedownloader.com/wdo/files/demo/pxdraft.com_aliakbarbeda_gmail.com_4rl6po807f/</server_url_front_page>
	<no_www_url>pxdraft.com</no_www_url>
	<hosted_domain/>
	<original_archive_url>http://pxdraft.com/wrap/zemo/</original_archive_url>
	<final_archive_url>http://pxdraft.com/wrap/zemo/</final_archive_url>
	<front_page_code_date/>
	<total_urls_from_api/>
	<max_reached_live>false</max_reached_live>
	<scrape_other_captures>false</scrape_other_captures>
	<total_size>2892</total_size>
</pagescount>
